<?xml version="1.0" encoding="UTF-8" standalone="yes"?>
<addon id="script.module.incursion" name="Incursion Module" version="1.22" provider-name="Incursion">
	<requires>
		<import addon="xbmc.python" version="2.1.0" />
		<import addon="script.module.beautifulsoup4"/>
                <import addon="script.module.ptw"/>
	</requires>
	<extension point="xbmc.python.module" library="lib" />
	<extension point="xbmc.addon.metadata">
		<platform>all</platform>
		<summary lang="en">Incursion</summary>
	</extension>
</addon>
