﻿<?xml version="1.0" encoding="UTF-8" standalone="yes"?>
<addon id="plugin.video.maximus" version="1.0.1" name=" Maximus" provider-name="Moose">
	<requires>
		<import addon="xbmc.python" version="2.19.0" />
		<import addon="script.maximus.artwork" />
		<import addon="script.maximus.metadata" />
    <import addon="script.module.urlresolver"/>
    <import addon="script.module.metahandler"/>
    <import addon="script.module.requests"/>
    <import addon="script.module.beautifulsoup4"/>
    <import addon="script.module.schism.common"/>
    <import addon="script.module.futures"/>
    <import addon="script.module.nanscrapers" version="0.5.41" />
	</requires>
	<extension point="xbmc.python.pluginsource" library="maximus.py">
		<provides>video</provides>
	</extension>
	<extension point="xbmc.service" library="service.py" start="startup" />
	<extension point="xbmc.addon.metadata">
		<summary lang="en">Maximus</summary>
		<description lang="en">Movie, TV Show, and Playlist Add-on</description>
		<disclaimer lang="en">The author does not host or distribute any of the content displayed by this addon. The author does not have any affiliation with the content provider.</disclaimer>
		<platform>all</platform>
		<forum></forum>
		<website></website>
		<source></source>
		<assets>
			<icon>icon.png</icon>
			<fanart>fanart.jpg</fanart>
		</assets>
		<news></news>
	</extension>
</addon>
